{"em": [0.0014752709999994451, 0.002762495999999892, 0.2707846029999992, 0.6214653510000012, 1.207707229999997, 3.5853706099999982, 5.472126529999997, 12.96655520400003], "ip": [0.19452349799996682, 0.31310050299998693, 0.6906908729999941, 1.4021057950000113, 3.7259634220000066, 12.543936767000105, 46.127811074999954, 247.69889196299994], "sqp": [0.03805977299998631, 1.4646989709999616, 2.2530159860000367, 1.8674950069998886, 2.072763501000054, 5.189077576000045, 14.15243132799992, 50.78857634999986]}